Unique ID,Location,Photo link,LINK,Part No,Description,STORE quantity,,
2026001,33,,,0,Relay 12V,5,,
2026002,33,Picture,https://amzn.in/d/08g9glRv,,Relay 5V,20,,
2026003,33,,,IN1408,Diodes,20,,
2026004,33,,,IN5408,Diode,75,,
2026005,33,,,CL100,power transistor,75,,
2026006,33,,,,White LED / IR pairs,10,,
2026007,35,,,except 23 & 28,QIDk kits,4,,
2026008,36,,,,QIDK accessories,18,,
2026009,36,Picture,https://www.flipkart.com/zebronics-zeb-crystal-clear-vga-webcam-480p-microphone-night-vision-usb-connectivity-3p-lens-auto-white-balance-manual-switch-led/p/itmf69fefa9632a4?pid=ACCFTZ6438YDTUYS&lid=LSTACCFTZ6438YDTUYS9V6SDB&marketplace=FLIPKART&cmpid=content_webcam_8965229628_gmc,,Web camera ,1,,
2026010,36,,,,Electric bulbs with holders,10,,
2026011,42,,,,Sleeves,1,,
2026012,43,,,,Zed - boards,23,,
2026013,43,Picture,https://www.keysight.com/us/en/product/DSOXBODE/bode-plot-training-kit.html,,keysight Bode plot training board,20,,
2026014,43,,,,Type C cable for ESP32,24,,
2026015,43,,,,Type B cable for ESP32,1,,
2026016,43,,,,FPGAs,35,,
2026017,52,Picture,https://shop.waaree.com/waaree-50wp-12v-mono-perc-solar-module/?setCurrencyId=1&sku=WSM-50%2F12V,,Solar panel big ,2,,
2026018,52,Picture,https://www.google.com/search?q=MIc+diff&client=firefox-b-d&hs=YvOq&sca_esv=ea5c7010ce8d97e6&udm=2&biw=1366&bih=643&sxsrf=APpeQnvEI_Lt6W1LhrK1zu2GQTyoLivS0g%3A1786097983315&ei=P7F1aoztEpPdseMPh4vDUQ&uact=5&oq=MIc+diff&gs_lp=Egtnd3Mtd2l6LWltZyIITUljIGRpZmYyBRAAGIAEMgUQABiABDIFEAAYgAQyBBAAGB4yBBAAGB4yBhAAGAUYHjIGEAAYBRgeMgYQABgFGB4yBhAAGAUYHjIGEAAYBRgeSKgWUABYAHACeACQAQCYAQCgAQCqAQC4AQPIAQCYAgKgAheYAwCIBgGSBwEyoAcAsgcAuAcAwgcFMi0xLjHIBxCACAE&sclient=gws-wiz-img#ip=1&sv=CAMSURoyKhBlLWN1NTFMUVpuSUEwZ3FNMg5jdTUxTFFabklBMGdxTToOZ2xlbjRpZjhoWFNHUE0gBCoXCgFzEhBlLWN1NTFMUVpuSUEwZ3FNGAEwARgHILbdptsBSggQARgBIAEoAQ,,Collar Mic,1,,
2026019,33643,,,,SS7 Common anode,12,,
2026020,52,,,,SS7 big dispaly,1,,
2026021,53,Picture,https://robu.in/product/dht22-am2302-digital-temperature-humidity-sensor/?gad_source=1&gad_campaignid=17416544847&gclid=CjwKCAjwvsvTBhBaEiwAmf-3nptrQzVkSERbnrhouWsrfdUMNJct8YIYnItqQNCjEUw7Ja1Wj_mPMBoCEQ8QAvD_BwE,DHT22/DHT11,Humidity & temp module,92,,
2026022,53,Picture,https://www.amazon.in/Original-Arduino%C2%AE-UNO-%E0%A4%8F%E0%A4%95-WiFi/dp/B0F9X19JYB?source=ps-sl-shoppingads-lpcontext&ref_=fplfs&psc=1&smid=A36HUTT43EETHU,,Arduino Wifi,1,,
2026023,53,Picture,https://robokits.co.in/development-board/boards-compatible-with-arduino/programmable-arduino-nano-r3-ch340-board-compatible?srsltid=AfmBOorRBqqmXRTA-JvJcxVy9mYnWWuaJMx8bv5zaXh8AFmg4jlSK5pkEbQ,,Arduino Nano,1,,
2026024,53,,,,Arduino UNO,10,,
2026025,53,Picture,https://kitsguru.com/products/wired-buzzer-big-size-5v?variant=45022883348732&country=IN&currency=INR&utm_medium=product_sync&utm_source=google&utm_content=sag_organic&utm_campaign=sag_organic&srsltid=AfmBOoonTllyF0OKbc1KbZe8R8J_h2jeVN5uvx2rR_7OxLK6hJ2IwXazpZw,,buzzer big,5,,
2026026,53,Picture,https://robosap.in/product/soil-npk-sensor-for-arduino-raspberry-pi-rs485-jxbs-3001/?gad_source=1&gad_campaignid=20581057603&gclid=CjwKCAjwhNbTBhB4EiwAsFSg-qyLtJHRsKbTUNnr43zSXGYLkXAgrxqIwCTb5TnTNznQ4YkJCXEUpBoCTdwQAvD_BwE,,Soil NPK sensor,1,,
2026027,53,,,,Buzzers,32,,
2026028,62,,,,Crocodile connectors,35,,
2026029,53,Picture,https://robocraze.com/products/esp32-development-board?variant=40193649803417&country=IN&currency=INR&utm_medium=product_sync&utm_source=google&utm_content=sag_organic&utm_campaign=sag_organic&utm_source=googleads&utm_medium=ppc&utm_campaign=23882674936&utm_content=_&utm_term=&campaignid=23882674936&adgroupid=&campaign=23882674936&gad_source=1&gad_campaignid=23873099925&gclid=CjwKCAjwvsvTBhBaEiwAmf-3ngCuJ70PCqEM2YvS34IzNqLEuCC28oD7vPAEUTzPbLgIERMr72_nhhoCXdEQAvD_BwE,ESP32,Microcontroller,50,,
2026030,53,Picture,https://quartzcomponents.com/products/photosensitive-light-detection-sensor?variant=35122496897177&country=IN&currency=INR&utm_medium=product_sync&utm_source=google&utm_content=sag_organic&utm_campaign=sag_organic&gad_source=1&gad_campaignid=20393598841&gclid=CjwKCAjwvsvTBhBaEiwAmf-3nnsKEcgzrda9UdNGrL6vWu430gRTI7n_TxleQX9zbC9eADv1pWCGyBoCKuMQAvD_BwE,,LDR MODULE,110,,
2026031,53,Picture,https://roboticsdna.in/product/ir-sensor-digital-single-array-line-sensor/?src=google&kwd=&adgroup={adgroup}&device=c&campaign={campaign}&adgroup={adgroup}&keyword=&matchtype=&gad_source=1&gad_campaignid=23684419086&gclid=CjwKCAjwvsvTBhBaEiwAmf-3nk8ICrdHA2GHr0ZvavJGCT2Ki57sH5CQSKMQqiJrW82LMFOStS-jmhoCJEAQAvD_BwE,,IR MODULE,101,,
2026032,53,Picture,https://robu.in/product/towerpro-sg90-9gm-1-2kg-180-degree-rotation-servo-motor-good-quality/?gad_source=1&gad_campaignid=20381096599&gclid=CjwKCAjwvsvTBhBaEiwAmf-3npNfYekmNvYaV-LmVLd33uApd3epU-cpZUnRx0MeyNsup7PmSrIfXRoCzScQAvD_BwE,,SERVO MOTOR,62,,
2026033,53,Picture,https://robocraze.com/products/active-buzzer-module?variant=40192615448729&country=IN&currency=INR&utm_medium=product_sync&utm_source=google&utm_content=sag_organic&utm_campaign=sag_organic&campaignid=20031834624&adgroupid=&keyword=&device=c&gad_source=1&gad_campaignid=20040036619&gclid=CjwKCAjwvsvTBhBaEiwAmf-3nmi5JNSe7Q6_-nxK7oAP0yXBGM7fyizZYLXkDzH6bb_ayP8bsW7PHBoCT-AQAvD_BwE,,Buzzer Module ,44,,
2026034,53,Picture,https://robu.in/product/pir-motion-sensor-detector-module-hc-sr501/?gad_source=1&gad_campaignid=20363337560&gclid=CjwKCAjwvsvTBhBaEiwAmf-3no1f-hC-1JMjhb0R7AxCGUhUHAPmaWt80U4dGyz88ftgc3Jd70DJSBoChMoQAvD_BwE,,PIR Module,80,,
2026035,52251,,,,Pushbutton,160,,
2026036,53,,,,MG90 servo motor small,1,,
2026037,53,Picture,https://www.amazon.in/Electronicspices-MG90S-Metal-Geared-Helicopter/dp/B08XZPMYCW,,MG90  servormotor medium,5,,
2026038,53,,,,MG90  servormotor big,1,,
2026039,54,Picture,https://netcareinstruments.com/products/netcare-pro-acoustic-stethoscope-rose-gold?variant=42120642592853&country=IN&currency=INR&utm_medium=product_sync&utm_source=google&utm_content=sag_organic&utm_campaign=sag_organic&gad_source=1&gad_campaignid=23133638855&gclid=CjwKCAjw4dDTBhAqEiwAkHYmSnpaB6vvfGLTXBbYMeW-yQgI61js2J_dglTX5R1fb2MzTNLUDFZRhBoChnQQAvD_BwE,,stethoscope,5,,
2026040,54,Picture,https://robu.in/product/ds18b20-water-proof-temperature-probe-black-1m/,DS18B20,temp sensor water proof ,1,,
2026041,54,,,DS18B20-Transistor,Dallas Water proof transistor,1,,
2026042,54,,,,Water pressure(capacitive) sensor,3,,
2026043,54,Picture,https://amzn.in/d/08JiokAs,,inductive sensor,16,,
2026044,54,Picture,https://robocraze.com/products/w1209-digital-temperature-controller-thermostat-module?variant=40192846266521&country=IN&currency=INR&utm_medium=product_sync&utm_source=google&utm_content=sag_organic&utm_campaign=sag_organic&campaignid=22114711878&adgroupid=&keyword=&device=c&gad_source=1&gad_campaignid=22124708836&gclid=EAIaIQobChMIn57t8M_PlgMVHB97Bx3BwRF7EAQYAiABEgLwe_D_BwE,,Digital Temp controller module,1,,
2026045,54,Picture,https://shop.waaree.com/waaree-50wp-12v-mono-perc-solar-module/?setCurrencyId=1&sku=WSM-50%2F12V,,Solar panel small,20,,
2026046,55,Picture,https://amzn.in/d/0acqp5ie,,PH sensor,5,,
2026047,55,,,,PH tester,1,,
2026048,55,Picture,https://www.desertcart.in/products/811438907-tds-meter-sensor-module-v1-0-with-probe-cable-water?gad_source=1&gad_campaignid=23077216304&gclid=CjwKCAjw4dDTBhAqEiwAkHYmSiHpWLJc9NJj0AftUefthAX7OlCragSvrWKz9pGJibQ7amHXKsS-sBoCc_8QAvD_BwE,,TDS sensor,11,,
2026049,55,Picture,https://www.desertcart.in/products/42514363-seeed-studio-grove-gsr-sensor-module-3-3v-5v-open?gad_source=1&gad_campaignid=23077216304&gclid=CjwKCAjw4dDTBhAqEiwAkHYmShCOtaaoOZxMaG2Jo8os1IS5EUJgxsatMTK_TH5lZHGrY07LYeYPOBoCLn8QAvD_BwE,,GSR Sensor Module,0,,
2026050,55,Picture,https://amzn.in/d/0fSH9dBv,,liquid level cap sensor,10,,
2026051,55,Picture,https://robu.in/product/12v-dc-peristaltic-dosing-pump-for-aquarium-lab-analytical-1mm-id-x-3mm-od-2-17-ml-min/?gad_source=1&gad_campaignid=17416544847&gclid=CjwKCAjw4dDTBhAqEiwAkHYmSmF4YOWmMbZeF9EQ9S5aQCdwPvpOeo9e-RvOJFrBvLUwfRFvQhsfixoCvpYQAvD_BwE,,peristatic water pump,8,,
2026052,55,Picture,https://zbotic.in/product/submersible-mini-water-pump-3-6v-dc/?gad_source=1&gad_campaignid=20903026778&gclid=CjwKCAjw4dDTBhAqEiwAkHYmSkz_ZRbcP7L1hCkNybI371aULAamNsdT32WCYrOeKQoBnH8PATjk8RoCIrQQAvD_BwE,,submersible water pump small,14,,
2026053,55,Picture,https://robocraze.com/products/water-flow-sensor?variant=40192779878553&country=IN&currency=INR&utm_medium=product_sync&utm_source=google&utm_content=sag_organic&utm_campaign=sag_organic&utm_source=google&utm_medium=cpc&utm_campaign=BL+%7C+Pmax+%7C+Feed+Only+%7C+All+Products+%7C+Top+5+Cities+%7C22%2F06&utm_source=googleads&utm_medium=ppc&utm_campaign=21400046529&utm_content=_&utm_term=&campaignid=21400046529&adgroupid=&campaign=21400046529&gad_source=1&gad_campaignid=21406494659&gclid=CjwKCAjw4dDTBhAqEiwAkHYmSmXRuOwOETnQigQNKosfg6IpPN0biGHMgh33Cz1dFNqgxjsDJszXEBoCk1MQAvD_BwE,,Water flow sensor,16,,
2026054,55,,,,water proof real time temp and humidity sensor,8,,
2026055,61,,,,Welco band,1,,
2026056,55,Picture,"https://www.flipkart.com/zofia-25000-mah-22-w-compact-pocket-size-power-bank/p/itmb376c48309018?pid=PWBGZF3K4T2QRSDR&lid=LSTPWBGZF3K4T2QRSDR4FLDAY&marketplace=FLIPKART&cmpid=content_power-bank_23776838770_g_8965229628_gmc_pla&tgi=sem,1,G,11214002,g,search,,806047554645,,,,c,,,,,,,&entryMethod=23776838770&&cmpid=content_23776838770_gmc_pla&gad_source=1&gad_campaignid=23776838770&gclid=CjwKCAjwhNbTBhB4EiwAsFSg-qXG-mfP5vE7c9-qzLAJqTpyu00QAlbySiK6kghQVI_OONIVfRjhnhoCh5YQAvD_BwE",,power bank,1,,
2026057,55,Picture,https://jbridgeintegrations.com/product/12v-2-5a-adapter/?gclid=CjwKCAjwhNbTBhB4EiwAsFSg-o3gk4yVwH8vaFkzCvh2eDHrahtvj1P_Zpl5gN1A4voOZUbfyIKg9hoCUKYQAvD_BwE,,Power adapter,10,,
2026058,55,,,RF370,micro DC diaphragm pump/motor for air/water,2,,
2026059,61,Picture,https://amzn.in/d/05oFBTR7,,serial to USB converter,59,,
2026060,61,Picture,https://elecsynergy.in/products/ft232rl-usb-to-uart-ttl-module?variant=62887997014385&country=IN&currency=INR&utm_medium=product_sync&utm_source=google&utm_content=sag_organic&utm_campaign=sag_organic&gad_source=1&gad_campaignid=24041957407&gclid=CjwKCAjw4dDTBhAqEiwAkHYmSv-25aXHK2IHhsDhyYzt7l4wXBq3tIAFuaZ7sisQ4Qz7_l2g8isQxRoCsggQAvD_BwE,FT232,FTDI USB to serial conv.,2,,
2026061,61,Picture,https://amzn.in/d/0hfMeQto,,4 flex sensor on gloves,1,,
2026062,61,,,,Copper Clad Laminate(unetched PCB),1,,
2026063,61,Picture,https://www.digikey.in/en/products/detail/vishay-semiconductor-opto-division/TSOP58338/4695684?msockid=2da3749866b160ea3428606d67d161a6,,tsop BOX,60,,
2026064,61,Picture,https://www.digikey.in/en/products/detail/sharp-socle-technology/GP2Y0A41SK0F/3884447?msockid=2da3749866b160ea3428606d67d161a6,,sharp sensor and other wires,20,,
2026065,61,,,,Telfon wire,2,,
2026066,61,,,,Power cords 16A ,7,,
2026067,32353,,,,14 pin IC base,40,,
2026068,23254,,,,22 pin IC base,1,,
2026069,32354,,,,8- PIN ic BASE,35,,
2026070,32354,,,,IC base 20pin,1,,
2026071,32354,,,,28 PIN IC Base,1,,
2026072,61,Picture,https://quartzcomponents.com/products/40-pin-ic-base?variant=31898131988615&country=IN&currency=INR&utm_medium=product_sync&utm_source=google&utm_content=sag_organic&utm_campaign=sag_organic&srsltid=AfmBOooKpTFBiwnb21yPJ986AITRdnc4ejpm9RrCXu4NxbY7IBODnsjRr3g,,40 pin IC BASEs,35,,
2026073,61,,,ATMEGA328 burner,Microcontroller Burner,1,,
2026074,7,,,,Keysight DSO,4,,
2026075,62,Picture,https://in.element14.com/multicomp-pro/1n4751a/zener-diode-1w-30v-do-41/dp/2134400?CMP=&mckv=s_dc|pcrid|818671285136|pkw||pmt||slid||product|2134400|pgrid|200293046082|ptaid|pla-336893085308|&CMP=KNC-GIN-GEN-SHOPPING-NCA&gad_source=1&gad_campaignid=24078737272&gclid=CjwKCAjwhNbTBhB4EiwAsFSg-tO2sPCECosK438wV-FDYTCcpii2-zsAn2ykSSUu_VmaRtTZT4kP1xoCA90QAvD_BwE,,ZENER DIODE,0,,
2026076,62,Picture,https://in.element14.com/abl-heatsinks/173ab3000b/heat-sink-0-48-c-w/dp/526915,,Heat sinks big,45,,
2026077,62,Picture,https://in.element14.com/tt-electronics-bi-technologies/p231-qc20ar500k/rotary-potentiometer-500kohm-20/dp/1629584?CMP=&mckv=s_dc|pcrid|818671285136|pkw||pmt||slid||product|1629584|pgrid|200293046082|ptaid|pla-308179390798|&CMP=KNC-GIN-GEN-SHOPPING-NCA&gad_source=1&gad_campaignid=24078737272&gclid=CjwKCAjwhNbTBhB4EiwAsFSg-ruMlN8oAnCnPx-jpIm1gUgPpeY5pW0-EnlpntfMSWL3vymwnCQywRoCDPUQAvD_BwE,,Potentiometer 1M,40,,
2026078,62,,,,Potentiometer 1k,115,,
2026079,62,,,,Potentiometer 100 ohm,5,,
2026080,62,,,,Potentiometer 250ohm,5,,
2026081,62,,,,Potentiometer 2K,3,,
2026082,62,,,,Potentiometer 100K,35,,
2026083,62,,,,Potentiometer 500 ohm,10,,
2026084,62,,,,Potentiometer 5K ohm,67,,
2026085,62,,,,Potentiometer 10K ohm,132,,
2026086,62,,,,Potentiometer 470K ohm,31,,
2026087,62,,,,Potentiometer 22K ohm,1,,
2026088,62,,,,Potentiometer 47K ohm,2,,
2026089,62,,,,3.5mm Jack male,20,,
2026090,62,,,,3.5mm Jack female,12,,
2026091,63,Picture,https://www.flipkart.com/technexa-meanwell-smps-lrs-100-24-240-watts-computer-psu-0-sata-cables/p/itmb4c118d1b0bae?pid=PSUHMZBRY6ZX8DSC&lid=LSTPSUHMZBRY6ZX8DSCPZJRZU&marketplace=FLIPKART&cmpid=content_psu_8965229628_gmc,,smps ,1,,
2026092,63,Picture,https://www.digikey.com/en/products/detail/same-sky-formerly-cui-devices/CFM-5010V-052-300/7620539?msockid=2da3749866b160ea3428606d67d161a6,,CPU fANS,7,,
2026093,63,,,,Pendulum ball big,3,,
2026094,63,,,,Pendulum ball small,6,,
2026095,63,,,,Timing belt pulley,1,,
2026096,63,,,,Hellical shaft,1,,
2026097,63,,,,battery clips,6,,
2026098,63,,,,AA Battery holder *4,10,,
2026099,63,,,,AA Battery holder *2,20,,
2026100,63,Picture,https://www.amazon.in/GI-Bicycle-Dynamo-Generator-12V/dp/B01CTBILWG/ref=asc_df_B01CTBILWG?mcid=5d61fcb035593e01aee512a9e6b164af&tag=googleshopdes-21&linkCode=df0&hvadid=709856082360&hvpos=&hvnetw=g&hvrand=4680236274027060569&hvpone=&hvptwo=&hvqmt=&hvdev=c&hvdvcmdl=&hvlocint=&hvlocphy=9222932&hvtargid=pla-406360106058&psc=1&hvocijid=4680236274027060569-B01CTBILWG-&hvexpln=0&gad_source=1,,Dynamo for cycle,1,,
2026101,63,Picture,https://robu.in/product/18650-x-2-battery-holder-with-cover-and-on-off-switch/,18650-Holder,Battery Holder - 18650,4,,
2026102,64,Picture,https://www.amazon.in/Piezoelectric-Sensor-Transducer-mm-Pack/dp/B0CVX2VJ7J/ref=asc_df_B0CVX2VJ7J?mcid=a268c6c08d2835d990fbf78bcc58ff38&tag=googleshopdes-21&linkCode=df0&hvadid=709963085501&hvpos=&hvnetw=g&hvrand=1192484383777494375&hvpone=&hvptwo=&hvqmt=&hvdev=c&hvdvcmdl=&hvlocint=&hvlocphy=9222932&hvtargid=pla-2293927777182&psc=1&hvocijid=1192484383777494375-B0CVX2VJ7J-&hvexpln=0&gad_source=1,,PIEZOELECTRIC SENSOR ARRAY on cardboard,52,,
2026103,64,,,,IP65 box,4,,
2026104,64,Picture,https://www.desertcart.in/products/814776594-small-hose-clamps-6-12mm-12pcs-hose-clamps-sae-4?gad_source=1&gad_campaignid=23077216304&gclid=CjwKCAjwhNbTBhB4EiwAsFSg-ljOX7pkWpVrP4KM7qMBF8s-w4juQPWDwnpQ3msWRMdOX68RV3omFhoC2CoQAvD_BwE,,plumbing clamps,9,,
2026105,65,Picture,https://robocraze.com/products/100rpm-12v-dc-motor?variant=40193687224473&country=IN&currency=INR&utm_medium=product_sync&utm_source=google&utm_content=sag_organic&utm_campaign=sag_organic&utm_source=google&utm_medium=cpc&utm_campaign=Pmax+%7C+Full+Built+%7C+Mechanical+%26+Electronic+Accessories&utm_source=googleads&utm_medium=ppc&utm_campaign=20544560129&utm_content=_&utm_term=&campaignid=20544560129&adgroupid=&campaign=20544560129&gad_source=1&gad_campaignid=20544562487&gclid=CjwKCAjwhNbTBhB4EiwAsFSg-jkS2E_0w7RLjx3uU1_alsGEq9S6A1s-AJHXp6oJ7ry9oO8-zX5DABoC3esQAvD_BwE,,Dc motor small,15,,
2026106,65,,,,regular stepper motor big ,7,,
2026107,65,Picture,https://www.desertcart.in/products/352721989-stepperonline-nema-23-stepper-motor-2-4nm-339-79oz-in?gad_source=1&gad_campaignid=23077216304&gclid=CjwKCAjwhNbTBhB4EiwAsFSg-vkmIeggKnK2RJ2tLQ-cmvTfoQIkcxI-Di7XixcWO3D4VGpzw1wyPxoCeUEQAvD_BwE,,NEMA 17 stepper motor,0,,
2026108,65,,,, dc motor chassis,25,,
2026109,65,,,RS37 ,Geared motor,1,,
2026110,65,Picture,https://www.desertcart.in/products/738854655-copper-wire-0-1mm-1-20mm-awg-32-14-magnet?gad_source=1&gad_campaignid=23077216304&gclid=CjwKCAjwhNbTBhB4EiwAsFSg-v73IMIP6fRbNk35lcBY-d3Gxl9WEjkUSPP2uP3fXEG5AfpoyqWATBoCk70QAvD_BwE,,copper wire,1,,
2026111,65,Picture,https://www.tradeindia.com/products/alloy-steel-wire-9053935.html,,Alloy steel wire,1,,
2026112,65,,,,Iron coil/iron rods for inductor ,1,,
2026113,65,,,,Johnson dc 12v motor with encoder,2,,
2026114,65,,,GM3965,Planetory geared motor with ENCoder 12 v,2,,
2026115,65,Picture,https://robu.in/product/bo-series-1-dc-motor-all-rpm/,,BO Motor ,20,,
2026116,511,Picture,https://robu.in/product/mq-135-air-quality-gas-detector-sensor-module-for-arduino/,MQ135,Gas sensor,29,,
2026117,511,Picture,https://robu.in/product/mq-2-mq2-smoke-gas-lpg-butane-hydrogen-gas-sensor-detector-module/,MQ2,Gas sensor,47,,
2026118,511,Picture,https://robu.in/product-category/gas-sensor/,MQ gas sensor no name,Gas sensor,24,,
2026119,511,,,MQ7,Gas sensor,3,,
2026120,511,,,MQ4,Gas sensor,1,,
2026121,511,,,MQ9,Gas sensor,2,,
2026122,511,,,SGP30,Humidity & temp module,2,,
2026123,511,Picture,https://robu.in/product/co2-sensor-model-acd10/,,CO2 Gas sensor(ASAIR ACD10),1,,
2026124,511,,,,MEMS Gas sensor NO2,1,,
2026125,511,Picture,https://www.amazon.in/Robocraze-Detection-Monoxide-Breakout-5-5000ppm/dp/B0F99Q671D,CO,MEMS Gas sensor,1,,
2026126,512,Picture,https://robu.in/product/5v-4-channel-relay-module/,,4-Channel relay module,7,,
2026127,512,Picture,https://robu.in/product/2-channel-isolated-5v-10a-relay-module-opto-coupler-arduino-pic-avr-dsp-arm/?gad_source=1&gad_campaignid=21296336107&gclid=CjwKCAjwvsvTBhBaEiwAmf-3nrMpStepZqONnv5mQVJvilgxWxQWz15aOKS9PBymMIzJbN8Vj-ADyhoCdLgQAvD_BwE,,2 channel  relay module,5,,
2026128,512,Picture,https://robu.in/product/1-channel-isolated-5v-relay-module-opto-coupler-for-arduino-pic-avr-dsp-arm/?gad_source=1&gad_campaignid=21296336107&gclid=CjwKCAjwvsvTBhBaEiwAmf-3nluRBD2nVeZXnHHAhDpmWm4N4ix4xs9fnj8zdqjdtnfquBqRyG8gORoCquYQAvD_BwE,,1 channel relay module,16,,
2026129,512,Picture,https://robu.in/product/5v-8-channel-relay-module/?gad_source=1&gad_campaignid=17416544847&gclid=CjwKCAjwvsvTBhBaEiwAmf-3nsa74iw6854YYiojuZrZw8OX6Zo2fAoypeu1kvndhCCplqppWdSA9BoCUKEQAvD_BwE,,8 channel relay module,1,,
2026130,513,Picture,https://www.amazon.in/Robocraze-L298-motor-driver-module/dp/B0D6Z221G1/ref=asc_df_B0D6Z221G1?mcid=865200bf29b73fc7b358271d1ba739cf&tag=googleshopdes-21&linkCode=df0&hvadid=709963085501&hvpos=&hvnetw=g&hvrand=9615735190928029383&hvpone=&hvptwo=&hvqmt=&hvdev=c&hvdvcmdl=&hvlocint=&hvlocphy=9222932&hvtargid=pla-2374941970260&psc=1&hvocijid=9615735190928029383-B0D6Z221G1-&hvexpln=0&gad_source=1,L298D,Motor Driver,28,,
2026131,513,Picture,https://probots.co.in/l293-based-motor-driver.html?gad_source=1&gad_campaignid=15283483193&gclid=CjwKCAjw4dDTBhAqEiwAkHYmShiziE14n1hX2Gu6GBEmZKBpgyyKyE7GDcqixwIoaChd7A1HFlAp2RoCh7gQAvD_BwE,L293D Module,single channel motor driver shield,6,,
2026132,513,Picture,https://robocraze.com/products/l293d-motor-driver-shield-for-arduino?variant=40192528154777&country=IN&currency=INR&utm_medium=product_sync&utm_source=google&utm_content=sag_organic&utm_campaign=sag_organic&utm_source=google&utm_medium=cpc&utm_campaign=Pmax+%7C+Full+Built+%7C+Mechanical+%26+Electronic+Accessories&utm_source=googleads&utm_medium=ppc&utm_campaign=20544560129&utm_content=_&utm_term=&campaignid=20544560129&adgroupid=&campaign=20544560129&gad_source=1&gad_campaignid=20544562487&gclid=CjwKCAjw4dDTBhAqEiwAkHYmShuo210K8jG2UAPdIcybh_Qn9yE7TUjsqzfNb77yjHyP9t8hQyBvWRoCf_UQAvD_BwE,L293,dual channel motor driver shield,5,,
2026133,513,Picture,https://robu.in/product/bigtreetech-tmc5160t-v1-0/,TMC5160T,Motor Driver,0,,
2026134,513,Picture,https://www.google.com/search?q=v1326+motor+driver&client=firefox-b-d&hs=jrOq&sca_esv=deda425220d3d1a6&biw=1366&bih=643&sxsrf=APpeQnuAG1PFHbyU0Bn8oglkmOVJVWJv4A%3A1786083761305&ei=sXl1at2dEuytseMP0Mbe-QY&oq=v1326&gs_lp=Egxnd3Mtd2l6LXNlcnAiBXYxMzI2KgIIADIKEAAYgAQYigUYQzIEEAAYHjIGEAAYBRgeMgYQABgFGB4yBBAAGB4yBBAAGB5I9KoGUMXDAViHngZwBHgBkAEAmAHdAaAB3wWqAQUwLjQuMbgBAcgBAPgBAZgCCaACoweoAhDCAgoQABhHGNYEGLADwgIHECMY6gIYJ8ICFxAAGIAEGIoFGJECGOcGGOoCGLQC2AEBwgIEECMYJ8ICBxAjGPAFGCfCAgsQABiABBiKBRiRAsICCBAuGIAEGLEDwgIFEAAYgATCAggQABiABBixA8ICDRAAGIAEGIoFGEMYsQPCAggQLhiABBjlBMICDRAuGEMYgAQY5QQYigXCAgoQABiABBgUGIcCmAMM8QVVFsgc4_uBxPEFIH7pa4sJVXWIBgGQBgi6BgYIARABGAGSBwU0LjQuMaAH0CKyBwUwLjQuMbgH8gbCBwkyLTEuNS4yLjHIB5gBgAgB&sclient=gws-wiz-serp#sv=CAMSZxowKg5mZ21YSDJaMG8yNHRETTIOZmdtWEgyWjBvMjR0RE06DnlvWFlicXUyUGxhR0NNIAQqLwobX0pucDFhck9mR3VTVXNlTVAxY3ZmNlFRXzYxEg5mZ21YSDJaMG8yNHRETRgAMAEYByCb56_7DkoIEAEYASABKAE,V1326,Motor Driver,4,,
2026135,513,Picture,https://amzn.in/d/0gp17Ngv,TB6600,Micro step Driver,0,,
2026136,513,Picture,https://zbotic.in/product/uln2003-stepper-motor-driver-board/?gad_source=1&gad_campaignid=20903026778&gclid=CjwKCAjw4dDTBhAqEiwAkHYmSiI8wk6cBXBCnUNrVlOF73HnBycjRQ3HRkdjM_5W10KzPjPiPIgBRBoCYBUQAvD_BwE,ULN2003 Module,Darlington NPN array module,3,,
2026137,513,,,L91105,Hbridge 2channel Motor driver,1,,
2026138,513,,,,XYMOS module,1,,
2026139,513,Picture,https://robu.in/product/dfrobot-fermion-tb6612fng-2x1-2a-dc-motor-driver-breakout/,TB6612,breakout board ,6,,
2026140,513,Picture,https://www.amazon.in/TESTIN-ELECTRONICS-DRV8825-Stepper-Aluminum/dp/B0GH93KBB7,DRV8825,stepper motor Dr module,3,,
2026141,513,Picture,https://www.amazon.in/DRV8833-Channel-DC-Motor-Driver/dp/B09MSPNSZM,DRV8833,2channel DC motor driver,1,,
2026142,514,Picture,https://lubdubbazaar.com/products/disposable-ecg-chest-electrode-adult-pack-50?variant=36443499364512&country=IN&currency=INR&utm_medium=product_sync&utm_source=google&utm_content=sag_organic&utm_campaign=sag_organic&gad_source=1&gad_campaignid=24106518881&gclid=CjwKCAjw4dDTBhAqEiwAkHYmSnIIGeeK38K7B8vp3NjSckz2C7paTwDzseFW3w_CKRBLYwXZ5p2NlhoCZFMQAvD_BwE,,ECG Ag ELECTRODES,148,,
2026143,514,Picture,https://kitsguru.com/products/ad8232-ecg-monitor-sensor-module?variant=48176058466556&country=IN&currency=INR&utm_medium=product_sync&utm_source=google&utm_content=sag_organic&utm_campaign=sag_organic&gad_source=1,,ECG CABLES + MODULE,2,,
2026144,514,Picture,"https://www.flipkart.com/complete-care-ecg-gel-electrocardiography-physiotherapy-therapeutic-purpose-250-ml-ultrasound-e-c-g-electrotherapy-device/p/itm54038005ce064?pid=ELTHFHAMWUT7WE9D&lid=LSTELTHFHAMWUT7WE9DRDX65H&marketplace=FLIPKART&cmpid=content_electrotherapy_23776838770_g_8965229628_gmc_pla&tgi=sem,1,G,11214002,g,search,,806047554645,,,,c,,,,,,,&entryMethod=23776838770&&cmpid=content_23776838770_gmc_pla&gad_source=1&gad_campaignid=23776838770&gclid=CjwKCAjw4dDTBhAqEiwAkHYmSg0sgBZ8jO_R1sAlNIwqDyncGEXDQlfwZjuuVSYojf4_S1Lp2eXmvBoCXK4QAvD_BwE",,ELECTRODE GEL,2,,
2026145,514,Picture,https://www.amazon.in/Piezoelectric-Sensor-Transducer-mm-Pack/dp/B0CVX2VJ7J/ref=asc_df_B0CVX2VJ7J?mcid=a268c6c08d2835d990fbf78bcc58ff38&tag=googleshopdes-21&linkCode=df0&hvadid=709963085501&hvpos=&hvnetw=g&hvrand=1192484383777494375&hvpone=&hvptwo=&hvqmt=&hvdev=c&hvdvcmdl=&hvlocint=&hvlocphy=9222932&hvtargid=pla-2293927777182&psc=1&hvocijid=1192484383777494375-B0CVX2VJ7J-&hvexpln=0&gad_source=1,,PIEZOELECTRIC SENSOR,16,,
2026146,515,Picture,https://robocraze.com/products/r307-optical-fingerprint-sensor-module?variant=40193807483033&country=IN&currency=INR&utm_medium=product_sync&utm_source=google&utm_content=sag_organic&utm_campaign=sag_organic&campaignid=22114711878&adgroupid=&keyword=&device=c&gad_source=1&gad_campaignid=22124708836&gclid=CjwKCAjw4dDTBhAqEiwAkHYmSjrxZHJZblfhX8W_ZCenSBT7FF6sZIMX2BRhkgcGfLKfhXD4qTgCjhoCV1QQAvD_BwE,R307,Finger Print Sensor,4,,
2026147,515,Picture,https://amzn.in/d/01w1VFmz,,Joy stick,5,,
2026148,516,Picture,https://zbotic.in/product/rfid-reader-writer-rc522-spi-s50-with-rfid-card-and-tag/?gad_source=1&gad_campaignid=20903026778&gclid=CjwKCAjwvsvTBhBaEiwAmf-3np6Os9_-XHGvqaGWWnhYufFXANi8IV5r3Zdp4VgjUKWpmtRADnhVcBoCWj8QAvD_BwE,,RFID,17,,
2026149,516,Picture,https://robu.in/product/125khz-rfid-card/?gad_source=1&gad_campaignid=20387462343&gclid=CjwKCAjwvsvTBhBaEiwAmf-3nlShP9OdGJSqiHcwTHjCW2_QEzCPrZ5zmE3BqfQvpj6zRmquCxGeGxoC5TwQAvD_BwE,,RFID cards & tags,62,,
2026150,517,Picture,https://www.amazon.in/Robocraze-Ultrasonic-Non-Contact-Resolution-Automation/dp/B01I1ZTPJC?source=ps-sl-shoppingads-lpcontext&ref_=fplfs&psc=1&smid=AJ6SIZC8YQDZX,SR04,Ultrasonic sensors,114,,
2026151,531,Picture,https://www.amazon.in/Robocraze-Electronic-Electromagnetic-Automation-Anti-Theft/dp/B07N3WTNFR?source=ps-sl-shoppingads-lpcontext&ref_=fplfs&psc=1&smid=AJ6SIZC8YQDZX,,Solenoid lock ,9,,
2026152,531,,,,JF mini actuator solenoid,2,,
2026153,532,Picture,https://www.amazon.in/Robocraze-Receiver-Gy-Gps6Mv2-Quadcopter-Speedometer/dp/B07N8WQSYV,GY-GPS6MV2,GPS module,4,,
2026154,533,Picture,https://amzn.in/d/0jgacxXP,,GSM module,6,,
2026155,534,,,MPU6050,3 axis,2,,
2026156,534,Picture,https://robu.in/product/mpu-6050-gyro-sensor-2-accelerometer/?gad_source=1&gad_campaignid=21296336107&gclid=CjwKCAjw4dDTBhAqEiwAkHYmSnA2yIlY9T_BhQ2_QGnsHnzJZPcy_Ip42bwJH5GKuALi2gB0OYlkVRoCpV8QAvD_BwE,MPU6050,6 axis,7,,
2026157,534,Picture,https://robocraze.com/products/mpu-6050-triple-axis-accelerometer-gyroscope-module?variant=40192322011289&country=IN&currency=INR&utm_medium=product_sync&utm_source=google&utm_content=sag_organic&utm_campaign=sag_organic&utm_source=googleads&utm_medium=ppc&utm_campaign=23745897046&utm_content=_&utm_term=&campaignid=23745897046&adgroupid=&campaign=23745897046&gad_source=1&gad_campaignid=23741269169&gclid=CjwKCAjw4dDTBhAqEiwAkHYmSgikrrTVAMqDMRvH8OPIOIwtZVbRlX3QTAz4lsQGHw5tqHyANkeGJhoCZgoQAvD_BwE,MPU6500,9 axis,0,,
2026158,535,,,,Step up boost conv 3608,2,,
2026159,535,Picture,https://robocraze.com/products/lm2596-dc-dc-buck-module,LM2596,Buck converter,11,,
2026160,536,Picture,https://www.myinnovation.in/product-page/microphone-sensor?utm_source=google&utm_medium=wix_google_feed&utm_campaign=freelistings&srsltid=AfmBOorAmY4wxJAy6-xpVkYCHAAvlq6lKZkH59qBjmanMffOulJx4q27XSU,LM393-Module,Mic module Sound,51,,
2026161,537,Picture,https://robu.in/product/bmp180-digital-barometric-pressure-sensor-board-module-arduino-compatible-2/,BMP 180,Pressure Sensor,31,,
2026162,537,,,BMP280,Pressure Sensor,53,,
2026163,538,Picture,https://robu.in/product/4x3-matrix-membrane-switch-keypad-arduino-arm-mcu/,,4*3 Keypad,8,,
2026164,539,Picture,https://robocraze.com/products/high-sensitivity-water-sensor-compatible-with-arduino?variant=40194363523225&country=IN&currency=INR&utm_medium=product_sync&utm_source=google&utm_content=sag_organic&utm_campaign=sag_organic&utm_source=google&utm_medium=cpc&utm_campaign=BL+%7C+Pmax+%7C+Feed+Only+%7C+All+Products+%7C+Top+5+Cities+%7C22%2F06&utm_source=googleads&utm_medium=ppc&utm_campaign=21400046529&utm_content=_&utm_term=&campaignid=21400046529&adgroupid=&campaign=21400046529&gad_source=1&gad_campaignid=21406494659&gclid=CjwKCAjwvsvTBhBaEiwAmf-3nk6FqQU3l5AQR_UApFdvd1ar5x75e_XQHxnY5J9O6N5PpPzO8r__dRoCP70QAvD_BwE,,WATER LEVEL SENSORS,88,,
2026165,541,Picture,https://robu.in/product/original-jhd539-16x4-character-lcd-display-with-white-backlight/?gad_source=1&gad_campaignid=17416544847&gclid=CjwKCAjw4dDTBhAqEiwAkHYmSh75wregtf1bYmj_jVHETzBKRAtkL_9BqvAtj-SCKekvAYnZ_L21rhoCM64QAvD_BwE,,LCD display big(16x4),6,,
2026166,541,Picture,https://robocraze.com/products/original-jhd-16-2-character-lcd-display-blue?variant=42487461740768&country=IN&currency=INR&utm_medium=product_sync&utm_source=google&utm_content=sag_organic&utm_campaign=sag_organic&campaignid=23607785032&adgroupid=&keyword=&device=c&gad_source=1&gad_campaignid=23597632947&gclid=CjwKCAjw4dDTBhAqEiwAkHYmSjMw6rmKJD9LbstZS4DU-GN2JrfhLarm3ZEfaK8SQbL_aAVl08NVKxoC61gQAvD_BwE,,LCD display small (16x2),65,,
2026167,541,Picture,https://roboticsdna.in/product/i2c-module-for-162-lcd-204-lcd/?src=google&kwd=&adgroup={adgroup}&device=c&campaign={campaign}&adgroup={adgroup}&keyword=&matchtype=&gad_source=1&gad_campaignid=23316242547&gclid=CjwKCAjw4dDTBhAqEiwAkHYmSoOU9Hrw_L2WJIo_2aLx4yeq1YPqIjsfZxwKsXZ1J8x7v507J51UHRoCxDUQAvD_BwE,, I2C module ,10,,
2026168,5310,Picture,https://www.flyrobo.in/max30102-blood-oxygen-heartbeat-sensor?tracking=ads&tracking=4a9a9a&gad_source=1&gad_campaignid=17426303996&gclid=CjwKCAjw4dDTBhAqEiwAkHYmShfWgOZZbDWEg02PbZdmJoJOaKJe2FgGCLLAvDNopMFVoaWuWakKRxoC40IQAvD_BwE,MAX30102,Heartrate Monitoring,13,,
2026169,5310,,,,Pulse sensor heart,14,,
2026170,5310,,,,PulseOx sensor module black,1,,
2026171,5310,,,MAX30205,Heartrate Monitoring,1,,
2026172,44,,,,Launch pad from TI,10,,
2026173,44,,,,MSP430 Microcontroller,1,,
2026174,5310,Picture,https://amzn.in/d/00UU1QsZ,,SpO2 sensor,3,,
2026175,5311,Picture,https://componentstree.com/product/tec1-12715-thermoelectric-15a-peltier-cooler-module/?srsltid=AfmBOopJ_WtJXqfkG5ppIrHFBkxkUY9rKIG3D82rTD6F1mGpQaYG4zNxdAU,,Peltier module,8,,
2026176,5312,Picture,https://www.mouser.in/en/ProductDetail/Leopard-Imaging/LI-ThermalCAM-USB20-057H?qs=HFfMDpzxxd0lsh3dPYzteg%3D%3D&mgh=1&utm_id=22485912139&utm_source=google&utm_medium=cpc&utm_marketing_tactic=apaccorp&gad_source=1&gad_campaignid=22482495752&gclid=CjwKCAjwhNbTBhB4EiwAsFSg-pZHELj6Abv37kUK_l3TRRSjLM27jzEYPXKzGpAfd9QbKjzIBLyWbhoC1jMQAvD_BwE,,Camera module,14,,
2026177,5312,,,ESP32 Camera,cam prgram base board,10,,
2026178,5312,Picture,https://robu.in/product/raspberry-pi-camera-module-3-wide/,,Raspberry Pi camera module,2,,
2026179,5312,,,,Opto coupler,2,,
2026180,5312,Picture,https://www.amazon.in/Techtonics-ESP8266-ESP-01-Wireless-Transceiver/dp/B07QHFS3F4,,ESP serial Wifi Txrx,1,,
2026181,5313,Picture,https://techdelivers.com/LED-42-Strip-Light-12V-DC-42Pcs-SMD-3020-High-Brightness-Energy-Efficient-White-Glow-Sign-Car-Stereo-Mark-Light-Box-Exhibition-Garden-Outdoor-DIY-Heat-Resistant-Long-Lifespan-Compact?tag=3&page=16&srsltid=AfmBOorjqUtBSCP1JWx4_BHujimSDeRz0BwK9fqf5Hzk1PYFVvBt1YP8HDk,WS2812B,RGB LED strip ,1,,
2026182,5314,Picture,https://robocraze.com/products/soil-moisture-sensor-module?variant=40192436109465&country=IN&currency=INR&utm_medium=product_sync&utm_source=google&utm_content=sag_organic&utm_campaign=sag_organic&utm_source=googleads&utm_medium=ppc&utm_campaign=23745897046&utm_content=_&utm_term=&campaignid=23745897046&adgroupid=&campaign=23745897046&gad_source=1&gad_campaignid=23741269169&gclid=CjwKCAjwvsvTBhBaEiwAmf-3ntEN44X18P2WL4HFDcbxvg6q9F-GkkVfn382tRNjH5Lq1kSDLrPI0BoCF6gQAvD_BwE,,Soil Moisture ,28,,
2026183,5314,Picture,https://robu.in/product/capacitive-soil-moisture-sensor-v2-0/?gad_source=1&gad_campaignid=21296336107&gclid=CjwKCAjwvsvTBhBaEiwAmf-3nrFIVXQAwJCz0eRB91RmVCltmrq2JnKm-MrV40LA28RuHY7UxpLYqxoCWH4QAvD_BwE,,Capacitive soil moisture sensor,3,,
2026184,5314,,,,soil moisture comparator ckt,37,,
2026185,31111,,,2N3904,NPN General Purpose Transistor,166,,
2026186,31112,,,2N3906,PNP General Purpose Transistor,400,,
2026187,31113,,,2N2222,NPN General Purpose Transistor,149,,
2026188,31114,,,TIP42,PNP Power Transistor,1,,
2026189,31114,,,BC107,NPN General Purpose Transistor,600,,
2026190,31115,,,CA3183,NPN Transistors,10,,
2026191,31121,,,BEL 495C,MF NPN,1,,
2026192,31121,,,CA3096,NPN-PNP Transistors,20,,
2026193,31121,,,BT136,TRIAC,12,,
2026194,31121,,,C549C,"NPN BJT, LN",1,,
2026195,31121,,,BC548,NPN BJT,1,,
2026196,31122,,,BD140,PNP BJT,5,,
2026197,31122,,,TIP127,PNP Ic 5A,15,,
2026198,31122,,,TIP122,power transistor,6,,
2026199,31122,,,BD139,medium power BJT,6,,
2026200,31123,,,SK100,PNP Power Transistor,150,,
2026201,31124,,,TIP41C,NPN Ic 6A,30,,
2026202,31125,,,CA3028,Differential Amplifier,70,,
2026203,31131,,,MCP6004,opamp,2,,
2026204,31131,,,NE5532,dual low noise op amp,10,,
2026205,31131,,,TL081,JFET Input Op-Amp,20,,
2026206,31131,,,LF351N,Widebandwidth JFET Opamp,1,,
2026207,31132,,,TLC2272,Low noise Cmos Opamp,5,,
2026208,31132,,,KA319,dual high speed voltage comparator,1,,
2026209,31132,,,TL084,JFET Input Quad Op-Amp,5,,
2026210,31132,Picture,https://quartzcomponents.com/products/tl072-low-noise-dual-jfet-op-amp-ic?srsltid=AfmBOooY9Tcp5Fa3gBVRXTP-PRq3u3gcUkwxmEePsjnJBOQnzJ0R8vZO,TL072,opamp,15,,
2026211,31133,,,OP07,Ultra Low Offset Voltage Op-Amp,15,,
2026212,31133,,,OP27GP,Precision Op-Amp,4,,
2026213,31134,,,LM392,Low Power Operational Amplifier and Comparator,1,,
2026214,31134,,,LM566,general-purpose voltage-controlled oscillator (VCO),1,,
2026215,31134,,,LM339,Quad  Differential Comparator,5,,
2026216,31134,,,LM833,Dual Audio Operational Amplifier,1,,
2026217,31134,,,LF353,opamp,2,,
2026218,31135,,,2N2369,NPN high switching with low power,13,,
2026219,31141,,,OA79,germanium diode,45,,
2026220,31142,,,BY127,diode,40,,
2026221,31143,,,IN5822,Schottkey diode,40,,
2026222,31144,,,2N7000,NMOS ,1,,
2026223,31144,,,IRFZ44N,N channel power MOSFET,4,,
2026224,31144,,,BS170,n channel e-mode MOSFET,4,,
2026225,31144,,,IRFD110,N channel power MOSFET,1,,
2026226,31144,,,IRF510,Nchannel 5.6A 100V,13,,
2026227,31144,,,IRF630,Nchannel 9A 200V,1,,
2026228,31144,,,IRF730,Nchannel 5.5A 400V,2,,
2026229,31144,,,IRF5210,P channel,2,,
2026230,31144,,,IRF9540,Pchannel,5,,
2026231,31145,,,MC34063,monolithic DC to DC converter,1,,
2026232,31145,,,5M05,AC to DC high link ,1,,
2026233,31145,,,LM340,XX –positive voltage regulator,3,,
2026234,31145,,,LM2576,XX – XX voltage regulator,40,,
2026235,31145,,,LM350T,Voltage regulator,1,,
2026236,31151,,,7805,5V Regulator,1,,
2026237,31151,,,7806,6V Regulator,1,,
2026238,31151,,,7808,8V Regulator,1,,
2026239,31151,,,7809,9V Regulator,25,,
2026240,31152,,,7908,Negative 8V Regulator,4,,
2026241,31152,,,7905,Negative 5V Regulator,1,,
2026242,31152,,,7909,Negative 9V Regulator,1,,
2026243,31153,,,7912,Negative 12V Regulator,25,,
2026244,31153,,,7812,12V Regulator,30,,
2026245,31154,,,7915,Negative 15V Regulator,7,,
2026246,31154,,,7815,15V Regulator,25,,
2026247,31155,,,L293D,Motor Driver,3,,
2026248,31211,,,4008,Adder ,40,,
2026249,31212,,,CD4016,Quad Bilateral Switch,30,,
2026250,31213,,,CD4017,Decade Counter/Divider,20,,
2026251,31213,,,CD4018,Presettable Divide-by-N Counter,5,,
2026252,31214,,,CD4046,Micropower Phase-locked Loop,40,,
2026253,31214,,,CD4047,Monostable/Astable Multivibrator,2,,
2026254,31215,,,CD4051,Single 8-channel Multiplexer/Demultiplexer,25,,
2026255,31215,,,CD4060,"14-stage ripple-carry binary counter, divider, and oscillator",8,,
2026256,31221,,,CD4075,Triple 3-Input OR Gate,20,,
2026257,31222,,,CD4076,4 Bit D type register with 3 outputs,65,,
2026258,31223,,,CD4077,Quad EXCLUSIVE-NOR Gate,15,,
2026259,31223,,,CD4078,8-Input NOR Gate,10,,
2026260,31224,,,CD4094,8-stage Shift-and-Store Bus Register,30,,
2026261,31225,,,CD4093,Quad 2-Input NAND Schmitt Trigger,10,,
2026262,31225,,,CD4098,Dual monostable Multivibrator,6,,
2026263,31231,,,CD4067,16-channel multiplexer or demultiplexer,2,,
2026264,31231,,,CD4069,Hex Inverter,5,,
2026265,31231,,,CD4072,Dual 4-Input OR Gate,15,,
2026266,31232,,,CD4081,Quad 2-Input AND Gate,40,,
2026267,31233,,,CD4035,4-bit parallel-in parallel-out shift register,45,,
2026268,31234,,,CD4029,Binary-Decade Up-Down Counter,50,,
2026269,31235,,,74LS10,Triple 3-input NAND Gate,70,,
2026270,31241,,,74LS154,4 to 16 Line Decoder/Demultiplexer,30,,
2026271,31242,,,74LS181,Arithmetic Logic Unit/Function Generator,30,,
2026272,31243,Picture,https://www.amazon.in/Amplifier-Precision-Selectable-Microcontroller-Projects/dp/B0FBLF45XV,HX711,24bit ADC,2,,
2026273,31243,,,ADC0800,8 Bit analog to digital converter,5,,
2026274,31245,,,UM2/FT66T,Melody gnerator ,1,,
2026275,31245,,,ULN2003,"16-pin integrated circuit containing seven high-voltage, high-current NPN Darlington transistor arrays Module",1,,
2026276,31245,,,CM8870,DTMF decoder,1,,
2026277,31245,,,HT12D,DTMF decoder,12,,
2026278,31245,,,HT12E,DTMF encoder,9,,
2026279,31245,,,UM9125B,DTMF and pulse dialer,1,,
2026280,31251,,,74LS192,Decade Up/Down Counter with Clear,15,,
2026281,31251,,,MOC7811,sppeed controlled encoder,8,,
2026282,31252,,,AMTMEGA328,"low-power, 8-bit AVR RISC microcontroller from Microchip Technology (formerly Atmel).",18,,
2026283,31253,,,ATMEGA16,8-bit Microchip Technology AVR RISC-based microcontroller,20,,
2026284,31255,,,8251,USART,60,,
2026285,32311,,,BTA12,TRIAC,6,,
2026286,32312,,,XR2206,function generator IC,1,,
2026287,32312,,,UJT2646,unipolar transistor,40,,
2026288,32312,Picture,https://robu.in/product/ina128ua-2k5-texas-instruments-5na-50uv-1-3mhz-120db-single-channel-soic-8-150mil-instrumentation-amplifiers-rohs/?gad_source=1&gad_campaignid=17427802703&gbraid=0AAAAADvLFWdNgSbSW0s4qMR6wcpOuUFaN&gclid=Cj0KCQjw1ZjOBhCmARIsADDuFTAygtjTocbY3kv4INRRZsMCRfqb4F6G_E6E551ndy_4EvpvYhATolsaAsszEALw_wcB,INA128,Instrumentation amplifier,1,,
2026289,32313,,,TDA3653,SIL IC for Vertical deflection CRT purpose,12,,
2026290,32313,,,TYN604,SCR,35,,
2026291,32313,,,TYN612,SCR,2,,
2026292,32313,,,XL0840,sensitive Gate SCR,22,,
2026293,32313,,,SCRC106M,SCR,7,,
2026294,32314,,,AD590,Temperature transducer,60,,
2026295,32314,,,AD633,Analog Multiplier,8,,
2026296,32314,,,TDA2030-14W,Hi-Fi AUDIO AMPLIFIER(Class AB),10,,
2026297,32315,,,Inductor coil using in radio tunning,Coils,40,,
2026298,32321,,,565,Phase locked loop,15,,
2026299,32322,,,8038,Function Generator ,15,,
2026300,32322,,,AD624AD,LN ins amp,1,,
2026301,32322,,,KA331,voltage to frequency converter,1,,
2026302,32325,,,1496,Balanced modulator,60,,
2026303,32331,,,MAX232,DUAL EIA-232Drivers/Receivers,25,,
2026304,32332,,,2N5461,JFET p channel low level audio amp,3,,
2026305,32332,,,BFW10,FET,30,,
2026306,32333,,,,Crystal OScillator 10MHz,15,,
2026307,32334,,,,Metal diode,3,,
2026308,32334,,,,Rectifier diode,5,,
2026309,32335,,,,Heat sink SL100 key,70,,
2026310,32341,,,,Condenser Mic,1,,
2026311,61,,,,heat sink screws,40,,
2026312,32342,,,741,Operational Amplifier,2,,
2026313,32342,,,LMC6482IN,"LV,UL bias current CMOS dual Opamp",1,,
2026314,32342,,,MC1458,Dual Operational Amplifier,2,,
2026315,32342,,,TC4427,High speed MoSFET driver,2,,
2026316,32343,,,LM386,Low Voltage Audio Power Amplifier,1,,
2026317,32343,,,LM358,Low Power Dual Op-Amp,1,,
2026318,32343,,,LM311,Voltage comparator,1,,
2026319,32343,,,LS2822L,LV dual audio Power Amp,1,,
2026320,32343,Picture,https://robu.in/product/lm393-smd-smt-low-power-low-offset-voltage-dual-comparator/,LM393,Comparator IC,1,,
2026321,32411,,,74LS14,Hex Inverter Schmitt Trigger,100,,
2026322,32412,,,74LS20,Dual 4-input NAND Gate,35,,
2026323,32413,,,74LS21,Dual 4-input AND Gate,25,,
2026324,32414,,,74LS23,Dual 4 Input NOR Gate,15,,
2026325,32415,,,74LS27,Triple 3-input NOR Gate,70,,
2026326,32421,,,74LS30,8-input NAND Gate,30,,
2026327,32422,,,74LS42,BCD to Decimal Decoder,45,,
2026328,32423,,,74LS47,BCD to 7-segment Decoder/Driver (Open Collector),45,,
2026329,32424,,,74LS73,Dual JK Flip-Flop with Clear,95,,
2026330,32424,,,74LS85,4-bit Magnitude Comparator,25,,
2026331,32425,,,74LS74,Dual D-Type Flip-Flop,70,,
2026332,32431,,,74LS75,4-bit Bi-Stable Latch,20,,
2026333,32432,,,74LS76,Dual JK Flip-Flop with Preset and Clear,75,,
2026334,32433,,,74LS83,4-bit Binary Full Adder,70,,
2026335,32435,,,74LS90,Decade Counter,30,,
2026336,32441,,,74LS92,Divide-by-12 Counter,22,,
2026337,32442,,,74LS95,4-bit Parallel-access Shift Register,45,,
2026338,32443,,,74LS373,Octal D type Latch,6,,
2026339,32443,,,74LS107,Dual J-K positive Edged Flip-Flop ,20,,
2026340,32443,,,74LS109,Dual J-K Positive Edge-triggered Flip-Flop,3,,
2026341,32443,,,74LS112,Dual J-K Negative Edge-triggered Flip-Flop,6,,
2026342,32443,,,74LS138,3 to 8 Decoder/Demultiplexer,4,,
2026343,32444,,,74LS126,Quad Bus Buffer Tri-State,5,,
2026344,32444,,,74LS147,10 to 4 Priority Encoder,30,,
2026345,32444,,,74LS148,8 to 3 Priority Encoder,15,,
2026346,33624,,,74LS139,2 to 4 Decoder/Demultiplexer,50,,
2026347,32445,,,74LS193,Binary Up-Down Counter,4,,
2026348,32445,,,MC14585,4 bit MAGNITUDE comparator,1,,
2026349,32451,,,MM74C26N,Quad 2 input XNOR,1,,
2026350,32452,,,74LS245,Octal Bus Transceiver Tri-State,8,,
2026351,32452,,,74LS257,Quad 2/1multiplixer with 3 state output,1,,
2026352,32453,,,74LS395,4 Bit cascadable shift register,12,,
2026353,52111,,,,Vibration sensor,9,,
2026354,52111,Picture,https://www.amazon.in/Electrobot-10000-Vibration-Motors-Vibrating/dp/B09TTFW9BJ?source=ps-sl-shoppingads-lpcontext&ref_=fplfs&smid=A1P9ZW4IHIOLEJ&th=1,,Vibration motors,0,,
2026355,52112,,,,BP sensor,2,,
2026356,52113,Picture,https://robocraze.com/products/30a-acs712-current-sensor?variant=40193329234073&country=IN&currency=INR&utm_medium=product_sync&utm_source=google&utm_content=sag_organic&utm_campaign=sag_organic&utm_source=googleads&utm_medium=ppc&utm_campaign=23777811270&utm_content=_&utm_term=&campaignid=23777811270&adgroupid=&campaign=23777811270&gad_source=1&gad_campaignid=23783204636&gclid=CjwKCAjwhNbTBhB4EiwAsFSg-hLzgMj1-gkX_-KfKv_Ja5oTWdzei7jhIWJuhjXruIEEXspJZAkthRoCeZUQAvD_BwE,ACS712,Current sensor,24,,
2026357,52114,Picture,https://amzn.in/d/0fwgrMqp,HC05,Bluetooth Module,32,,
2026358,52115,Picture,https://sensorkit.joy-it.net/en/sensors/ky-005,KY005,IR transmitter module,8,,
2026359,52121,Picture,https://www.flyrobo.in/tp4056-1a-li-ion-lithium-battery-charging-module-with-current-protection-type-c?tracking=ads&tracking=4a9a9a&gad_source=1&gad_campaignid=17426303996&gclid=CjwKCAjwhNbTBhB4EiwAsFSg-hYqC2Q5JuBjfVBHy-0CuJrZ7BFcvbMKlxsaoT0_28vj2LSNRNuyZhoC4m8QAvD_BwE,4056,charging protection module,1,,
2026360,52121,Picture,https://robocraze.com/products/7semi-solar-charger-module-for-3-7v-single-cell-li-ion-battery-cn3791-mppt?variant=52662727082208&country=IN&currency=INR&utm_medium=product_sync&utm_source=google&utm_content=sag_organic&utm_campaign=sag_organic&srsltid=AfmBOooJKVA2Yg_L_Bqdiwe9qMabZnM3UNDKqsoHF61PG6hhKP5c1fkSfUo,,Solar charge module ,1,,
2026361,52122,Picture,https://www.google.com/search?q=Hall+effect+sensor&client=firefox-b-d&hs=0XjV&sca_esv=4dd081c4c07b0b1c&udm=2&biw=1366&bih=643&sxsrf=APpeQnvGUCLLFWV2vFflBKh5nTasylzaRw%3A1786087155741&ei=84Z1aub7LMHBp84PxYSioA0&uact=5&oq=Hall+effect+sensor&gs_lp=Egtnd3Mtd2l6LWltZyISSGFsbCBlZmZlY3Qgc2Vuc29yMggQABiABBixAzIFEAAYgAQyBRAAGIAEMgUQABiABDIFEAAYgAQyBRAAGIAEMgUQABiABDIFEAAYgAQyBRAAGIAEMgUQABiABEj_DVCLBViTCnACeACQAQCYAV6gAV6qAQExuAEDyAEA-AEB-AECmAIDoAKbAagCCsICDBAAGIAEGAoYCxixA8ICCRAAGIAEGAoYC8ICChAjGMkCGOoCGCeYAyHiAwUSATEgQIgGAZIHAzIuMaAH_QSyBwMwLjG4B2rCBwcyLTEuMS4xyAcugAgB&sclient=gws-wiz-img,,Hall effect sensor module,5,,
2026362,52122,,,3144SV6,hall effect sensor,2,,
2026363,52123,Picture,https://amzn.in/d/0hFvYNcB,,flex sensor,20,,
2026364,52124,Picture,https://www.desertcart.in/products/483373189-taidacent-microwave-radar-sensor-module-human-induction-module-smart-sensor?gad_source=1&gad_campaignid=23077216304&gclid=CjwKCAjwhNbTBhB4EiwAsFSg-jsWdqS9Ji_-bopM8K_C0TmFlXbAp5m6jvuv2KtXjcMB5SusXDQxuhoCTOQQAvD_BwE,,Microwave motion radar,2,,
2026365,52125,Picture,https://amzn.in/d/0edi1LnE,,IR Flame sensor,6,,
2026366,52131,,,,OLED 2 inch,4,,
2026367,52131,,,,OLED 1.3 inch,4,,
2026368,52132,Picture,https://amzn.in/d/0gqDIz68,,Matrix display,5,,
2026369,52132,Picture,https://robu.in/product/lm3914-dot-bar-display-driver-ic-dip-18-package/,,LM3914 display driver,7,,
2026370,52133,Picture,https://zbotic.in/product/ttp224-4-way-capacitive-touch-switch-module/?gad_source=1&gad_campaignid=20903026778&gclid=CjwKCAjwhNbTBhB4EiwAsFSg-u01gbzj1dHOIxzRtcM3zVY7tNf1gODfMvvvou3qxzxtsRXpna69GxoCfywQAvD_BwE,TTP224,Capacitive touch switch,3,,
2026371,52134,Picture,https://robocraze.com/products/ds3231-real-time-clock-memory-module?variant=40194393866393&country=IN&currency=INR&utm_medium=product_sync&utm_source=google&utm_content=sag_organic&utm_campaign=sag_organic&utm_source=googleads&utm_medium=ppc&utm_campaign=24015522380&utm_content=_&utm_term=&campaignid=24015522380&adgroupid=&campaign=24015522380&gad_source=1&gad_campaignid=24010578954&gclid=CjwKCAjwhNbTBhB4EiwAsFSg-uTNfF3dPEUJFG-05ejStQFI85bUlQ0H6_LdU6jx0SBJGSiX1rNujRoCuYwQAvD_BwE,,Real time clk module,2,,
2026372,52135,,,,Impact sensor module,2,,
2026373,52135,,,,pressure force sensor,1,,
2026374,52135,Picture,https://www.amazon.in/Weight-Sensor-Digital-Measurement-Applications/dp/B0FKN19F43,,STRAIGHT bar load cell 10KG,1,,
2026375,52135,,,BE001,Load cell 50KG,1,,
2026376,52135,Picture,https://robokits.co.in/sensors/force-flex-and-pressure/hx710b-air-pressure-0-40kpa-sensor-module-high-precision-air-pressure-waterlevel-sensor-digital-spi-interface?srsltid=AfmBOorMc1coOCi04B1X0x6k_PoOh03Ew_FZpOPDTDMm1Pm0Gosq0EcpMcQ,,Air pressure sensor,2,,
2026377,52141,Picture,https://www.olimex.com/Products/IoT/LoRa/LoRa-STM32WL-DevKit/open-source-hardware,,LORA module -525 MHz,3,,
2026378,52141,,,,LORA module -433 MHz,2,,
2026379,52142,Picture,https://www.desertcart.in/products/570935255-waterproof-temperature-sensor-i2c-output-measuring-humidity-digital-thermal-stainless?gad_source=1&gad_campaignid=23077216304&gclid=CjwKCAjwhNbTBhB4EiwAsFSg-k55vV9ryoLIbMci_vgPLnIUZZ_OGg21YUKRr0sr14yjOZVldCjf7RoCnnwQAvD_BwE,,water proof piezo electric sensor,4,,
2026380,52143,Picture,https://robokits.co.in/sensors/light-sensor/bh1750-light-intensity-module?srsltid=AfmBOorDqULajITSCK5dsrtmbywPXztTw_pScXRgCVh2IfSo--yPGyYy6-4,BH1750 ,light sensor,2,,
2026381,52143,,,TCS34725,RGB sensor,1,,
2026382,52143,,,TCS230,COLOR SENSOR,2,,
2026383,52143,,,GY9960,RGB & gesture,2,,
2026384,52143,Picture,https://robu.in/product/dfrobot-gravity-as7341-11-channel-visible-light-sensor/,AS73411,gravity visible L sensor,1,,
2026385,52143,Picture,https://www.amazon.in/Sharvi-L14F1-Phototransistor/dp/B09HN43MDS,L14F1,photo transistor,3,,
2026386,52143,Picture,https://quartzcomponents.com/products/uv-light-sensor-breakout-guva-s12sd?variant=44161650393322&country=IN&currency=INR&utm_medium=product_sync&utm_source=google&utm_content=sag_organic&utm_campaign=sag_organic&srsltid=AfmBOopLxWgy3RXL7NG4mE9sL-LH0EPYB6qSJ3naDlXXgwGFDWJFazZ_53E,,UV detection sensor,4,,
2026387,52144,Picture,https://amzn.in/d/0h9YVAsU,,Rain drop sensor,3,,
2026388,52145,,,PAM8403,Audio Amp,1,,
2026389,52145,Picture,https://roboticsdna.in/product/lm386-audio-amplifier-module/?src=google&kwd=&adgroup={adgroup}&device=c&campaign={campaign}&adgroup={adgroup}&keyword=&matchtype=&gad_source=1&gad_campaignid=23684419086&gclid=CjwKCAjwhNbTBhB4EiwAsFSg-kx-xoTUj7dIvcBD9GchiH_wle79aQTgEv66yb-0zp7PmwLF56sq_BoCgc4QAvD_BwE,LM386 Module,Audio Amp MODULE,2,,
2026390,52151,Picture,https://amzn.in/d/0bLYDryp,,Thermistor sensor,3,,
2026391,52152,Picture,https://www.flyrobo.in/433-mhz-rf-modules-tx-rx-pair-sensor?tracking=ads&srsltid=AfmBOopvSl09corEvC-r_AtNH6oqtL6jjPlofzCZdbmjwKZCkGKLj0a9uk0,,TX RX module 433MHz,3,,
2026392,52153,Picture,https://www.ktron.in/product/female-usb-socket-straight-pinout-type-a/?srsltid=AfmBOopEPufV8ADWeVMLpRlp8RtXVtJRCw_bjx6ZXWFC1lgA9KOVkOnC,,USB port,22,,
2026393,52154,Picture,https://robocraze.com/products/voltage-sensor-module-25v?variant=40192689471641&country=IN&currency=INR&utm_medium=product_sync&utm_source=google&utm_content=sag_organic&utm_campaign=sag_organic&utm_source=google&utm_medium=cpc&utm_campaign=BL+%7C+Pmax+%7C+Feed+Only+%7C+All+Products+%7C+Top+5+Cities+%7C22%2F06&utm_source=googleads&utm_medium=ppc&utm_campaign=21400046529&utm_content=_&utm_term=&campaignid=21400046529&adgroupid=&campaign=21400046529&gad_source=1&gad_campaignid=21406494659&gclid=CjwKCAjwhNbTBhB4EiwAsFSg-gOLQ9ox4p67nBp1JYuEf2H0soB58PdKudcdA02-ok_MsFE3MvurvxoC6uwQAvD_BwE,,Voltage sensor,9,,
2026394,52155,Picture,https://www.desertcart.in/products/734436974-amg8833-8x8-thermal-camera-sensor-ir-infrared-temperature-thermal-imager?gad_source=1&gad_campaignid=23077216304&gclid=CjwKCAjwhNbTBhB4EiwAsFSg-hVH-mtEnNXQx1PfGhjv2O_oueFzraAUx7sArAefpCmzxhNUh-bCHBoCA38QAvD_BwE,,Thermal camera sensor,4,,
2026395,52211,Picture,https://www.amazon.in/SparkFun-14874-Configurable-OpAmp-Board/dp/B07KGK5PZM,TSH82,dual opamp High speed,11,,
2026396,52212,,,,3-AXIS Analog Accelerometer,2,,
2026397,52212,Picture,https://robu.in/product/gy-271-hmc5883l-3-axis-electronic-compass-module-magnetic-field-sensor/,GY271,gyrosensor,3,,
2026398,52213,Picture,https://roboticsdna.in/product/ttp223-singel-touch-sensor-module/?src=google&kwd=&adgroup={adgroup}&device=c&campaign={campaign}&adgroup={adgroup}&keyword=&matchtype=&gad_source=1&gad_campaignid=23684419086&gclid=CjwKCAjwvsvTBhBaEiwAmf-3nl78nCgbr1e2LIUI-ue-pXlchPYEskeJ-QlI_DlnQAvpMfCEIVO-wBoC3woQAvD_BwE,,Capacitive touch sensor,4,,
2026399,52214,Picture,https://rajivelectronics.com/product/aht10-digital-temperature-and-humidity-sensor-module-i2c?gad_source=1&gad_campaignid=23974608471&gclid=CjwKCAjwhNbTBhB4EiwAsFSg-uRFb0fxOWoot6zeo3ButXYeIClEpy1VZO24OUVyyuiIGaiDed2hGBoCXdQQAvD_BwE,AHT10,Humidity & temp module,2,,
2026400,52214,,,AHT20,Humidity & temp module,12,,
2026401,52215,Picture,https://hubtronics.in/magnetic-reed-switch-module?gad_source=1&gad_campaignid=22872103083&gclid=CjwKCAjwvsvTBhBaEiwAmf-3nubqsmDro8xJ9IqHlYuIAqAZ2Hc7CVimBSw-Z-5ZWRBvzVaeQAMMeBoCwysQAvD_BwE,,Reed switch module,4,,
2026402,52221,Picture,https://robocraze.com/products/16-bit-i2c-4-channel-ads1115-module?variant=40193097695385&country=IN&currency=INR&utm_medium=product_sync&utm_source=google&utm_content=sag_organic&utm_campaign=sag_organic&utm_source=googleads&utm_medium=ppc&utm_campaign=23532455691&utm_content=_&utm_term=&campaignid=23532455691&adgroupid=&campaign=23532455691&gad_source=1&gad_campaignid=23537557136&gclid=CjwKCAjwhNbTBhB4EiwAsFSg-rdFrVV_Z01jFqueo1fMqHlFtnFWwyeKaqKt-7oT-gwcZBL1WKLfAxoC6-0QAvD_BwE,ADS1115,I2C,3,,
2026403,52222,,,,8-channel bidirectional logic level Conv,2,,
2026404,52222,,,,4-channel bidirectional logic level Conv,1,,
2026405,52222,,,,DIP to SOP IC base 8 pin,8,,
2026406,52222,,,,DIP to SOP IC base 28 pin,1,,
2026407,52223,Picture,https://robu.in/product/125k-rfid-tag/?gad_source=1&gad_campaignid=20387462343&gclid=CjwKCAjwvsvTBhBaEiwAmf-3nnYgQJxwHA4NKi974EExZ_JM6u_WCkKfFwAUFHfWGU9WfiAJ39Ck_BoCIqwQAvD_BwE,MAX9814,mic module,1,,
2026408,52223,,,KY037,mic module,3,,
2026409,52223,,,INMP441,MEMS mic,17,,
2026410,52223,Picture,https://amzn.in/d/082JBRh8,SPW2430,MSME mic AO,1,,
2026411,52224,Picture,https://www.amazon.in/Electron-N20-3-7V-Reduction-Electronic/dp/B0DH8N94VR?source=ps-sl-shoppingads-lpcontext&ref_=fplfs&psc=1&smid=A3C7Z4RVM9A3G1,,DC motor N20,4,,
2026412,52225,Picture,https://robu.in/product/micro-sd-card-module/,,MIcro SD card reader module,4,,
2026413,52225,,,,MIcro SD card 32 gb,2,,
2026414,52225,,,,MIcro SD card 4 GB,1,,
2026415,52225,,,,MIcro SD cards 64 gb,1,,
2026416,52231,Picture,https://www.flyrobo.in/lm35d-analog-temperature-sensor-module?tracking=ads&tracking=4a9a9a&gad_source=1&gad_campaignid=17426303996&gclid=CjwKCAjwhNbTBhB4EiwAsFSg-gX1R3FQArnC7AO8HKY66Lweu9O2YUyI9ODzj-5emPXxz-rssKdRZRoCnGEQAvD_BwE,LM35 Module,Temp module,2,,
2026417,52231,,,TMP117,Temperature Sensor,0,,
2026418,52231,,,LM35,temp transistor,2,,
2026419,52231,,,DS18B20-Module,Dig temp module,1,,
2026420,52232,Picture,https://www.google.com/search?client=firefox-b-d&hs=6ajV&sca_esv=ea5c7010ce8d97e6&sxsrf=APpeQnszkdN5SJvaTYlJMOCerD1DA9NnMg:1786098664707&udm=2&fbs=ABfTbFVyMZGZf1hfvX9uKjN_-G8c4u0nXx4bEIpwm1lnNH832SMIiTl3t-JZ4hGJOxPbHYSIu8Q64jU5EwQ-803VaKbd8XGNh2EAGT96nVa30badWXBZxFXVGBd7-kEiIsZZ-f1VVAQWActbR1Blefd2fzHOMlZbw1ZzunFac9BLKNMtV7HmCH9gEVbtBrFN4UpIi0ylh1L7jxgU7uaDu1QkbsVJFZsXiA&q=rg+24+module&sa=X&ved=2ahUKEwii_sWDqI6WAxVOb2wGHRuIMgQQtKgLegQIFxAB&biw=1366&bih=643&dpr=1#sv=CAMSURoyKhBlLV9SU2NQaDFjN2JTUXdNMg5fUlNjUGgxYzdiU1F3TToOTm91akRkTmE0OVdrQ00gBCoXCgFzEhBlLV9SU2NQaDFjN2JTUXdNGAEwARgHIKXJv4sBSggQARgBIAEoAQ,,RG 24 Module,2,,
2026421,52234,Picture,https://www.myinnovation.in/product-page/nrf24l01-2-4ghz-wireless-transceiver-module-with-antenna-for-arduino?utm_source=google&utm_medium=wix_google_feed&utm_campaign=freelistings&srsltid=AfmBOoo8fMKLO1wlHi0cC3MjK0LyCHFZMrINm3galzPI3K5zlhWY5HkViM4,,NRF24L01 wireless TX Rx module,1,,
2026422,52235,,,,Variable pot precision 10turn,4,,
2026423,52241,Picture,https://amzn.in/d/0etQqV8c,LM393 - For Speed,comparator chip/slots/speed sensor module,4,,
2026424,52242,Picture,https://quartzcomponents.com/products/micro-switch-mini-roller?srsltid=AfmBOop6IYtt0Jy2lmU6dKUtTD9XBIaYLjjI7SEEPz3QPIYNZML0MstW,,3 way roller switch,3,,
2026425,52242,Picture,https://amzn.in/d/0fxO6h9x,,8-position rotary switches,2,,
2026426,52242,Picture,https://ifuturetech.org/product/ky-040-rotary-encoder-module-with-integrated-push-button/,,rotary encoder with PushB,1,,
2026427,52242,,,,SPDT  switch(piano),6,,
2026428,52243,,,GE MCT2,Optocoupler,1,,
2026429,52243,,,KY008,HW-493 Red laser transmitter module,2,,
2026430,52243,,,,laser emitter,7,,
2026431,52243,,,,Laser ,1,,
2026432,52243,,,BPW 34,Photo diode,1,,
2026433,52233,,,PC817,optocoupler,3,,
2026434,52243,,,MOC3021,optocoupler,2,,
2026435,52243,,,4N35,optocoupler,1,,
2026436,52243,,,2M5777,Photo transistor,10,,
2026437,52243,,,MCT2E,optocoupler,1,,
2026438,52244,,,SS12D10,Slide switch,13,,
2026439,52244,,,,ON oFF switch SPST,9,,
2026440,52245,,,,DIP switches,15,,
2026441,52245,,,,DPDT,6,,
2026442,52245,,,,SPDT,2,,
2026443,311142,,,BYV27-200,TAP rectifiers,5,,
2026444,63,,,,Electrical  multiplug sockets for spike,2,,
2026445,36,Picture,https://makerbazar.in/products/plastic-wheels-for-rc-toys?variant=48251043447024,,Acrylic Chasis Wheels,32,,
2026446,36,,,,CASTOR wheel,10,,
2026447,34,,,,Chassis wheels,28,,
2026448,34,,,,Dummy wheel,14,,
2026449,34,Picture,https://www.amazon.in/Chassis-Motors-Wheels-Battery-Assembly/dp/B0F5PW6D82,,Acrylic Chassis 4WD(Full Setup),10,,
2026450,54,Picture,https://www.amazon.in/Noise-Advanced-Bluetooth-Brightness-Smartwatch/dp/B0B6BLTGTT?source=ps-sl-shoppingads-lpcontext&ref_=fplfs&psc=1&smid=AJ6SIZC8YQDZX,,Smart watch with charger,1,,
2026451,53,Picture,https://www.amazon.in/ROBODUINO-NODEMCU-ESP8266-CP2102-Module/dp/B0DR5TC5K9,,NODE MCU,34,,
2026452,64,Picture,https://www.desertcart.in/products/718960814-premium-mecanum-wheels-4wd-omnidirectional-wheels-with-metal-6mm-coupling?gad_source=1&gad_campaignid=23077216304&gclid=CjwKCAjwhNbTBhB4EiwAsFSg-sr8BJRO5SqXUSOX-pi4kXbYhJ0GHKu354s1hXnVgr-PiuK9WTejnhoCI7wQAvD_BwE,,Mecanum wheels,4,,
2026453,63,Picture,https://roboticsdna.in/product/single-side-pcb-universal-prototype-printed-circuit-board-protoboard-90x150mm-for-arduino/?src=google&kwd=&adgroup={adgroup}&device=c&campaign={campaign}&adgroup={adgroup}&keyword=&matchtype=&gad_source=1&gad_campaignid=23684419086&gclid=CjwKCAjwhNbTBhB4EiwAsFSg-p9CgA3qmGPFetn9Yb9Z0f96w0kXe87-A_08GVInCi-RMiFtGnHq8BoCUQoQAvD_BwE,,PCB boards,1,,
2026454,34,,,,Robo chassis Iron with wheels &motor,5,,
2026455,34,,,,Robo chassis iron,6,,
2026456,33611,,,74LS00,Quad 2-input NAND Gate,50,,
2026457,33612,,,74LS02,Quad 2-input NOR Gate,50,,
2026458,33613,,,74LS04,Hex Inverter,100,,
2026459,33614,,,74LS08,Quad 2-input AND Gate,50,,
2026460,33615,,,74LS11,Triple 3-input AND Gate,100,,
2026461,33621,,,74LS32,Quad 2-input OR Gate,100,,
2026462,33622,,,74LS86,Quad EXCLUSIVE-OR Gate,50,,
2026463,33623,,,74LS93,4-bit Binary Counter,50,,
2026464,33644,,,74LS125,Quad Bus Buffer Negative Enable Tri-State,15,,
2026465,33625,,,74LS151,8-input Multiplexer,100,,
2026466,33631,,,74LS153,Dual 4 to 1 Selector/Multiplexer,50,,
2026467,,,,74LS157,Quad 2/1 Data Selector,50,,
2026468,33633,,,74LS595,Shift Register,50,,
2026469,33634,,,CD4001,Quad 2-input NOR Gate,100,,
2026470,,,,CD4007,Dual Complementary Pair mosfets,0,,
2026471,33635,,,CD4011,Quad 2-input NAND Gate,50,,
2026472,33641,,,CD4012,Dual 4-input NAND Gate,50,,
2026473,33642,,,CD4511,BCD to 7-segment Latch/Decoder/Driver,50,,
2026474,,,,7660,voltage converter from 1.5 to 10 V to -1.5 to -10V,0,,
2026475,,,,8531,Single-supply regulators with 250mA,0,,
2026476,,,,ADC0808,8 Bit ADC with 8 channel multiplexer,0,,
2026477,31242,,,DAC0808,8 Bit digital to analog converter,34,,
2026478,,,,LM3914,variable voltage regulator,0,,
2026479,,,,LM317,variable voltage regulator,0,,
2026480,,,,LM2940,Variable voltage regulator ,0,,
2026481,,,,LM324,Low Power Quad Op-Amp,0,,
2026482,32343,,,D386,equivalent LM386,1,,
2026483,,,,CA3130,CMOS Operational Amplifier,0,,
2026484,,,,TL071,Low Noise JFET Op-Amp,0,,
2026485,32344,,,BC547,NPN General Purpose Transistor,4,,
2026486,32344,,,BC557,PNP General Purpose Transistor,0,,
2026487,,,,2N3055,NPN Power Transistor,0,,
2026488,,,,2N2955,PNP Power Transistor,0,,
2026489,,,,TIP31C,NPN Power Transistor Ic 3A,0,,
2026490,,,,TIP32A,PNP Ic 3A,0,,
2026491,,,,AC128,Germanium Transistor,0,,
2026492,,,,IRF530,Nchannel 14A 100V,0,,
2026493,,,,IRF540,Nchannel 30A 100V,0,,
2026494,,,,IRF9530,Pchannel ,0,,
2026495,,,,UM91215B,tone/pulseDialer,0,,
2026496,,,,DS26LS32,Quad differential Line receiver,0,,
2026497,,,,AH44E,magnetic Field sensor,0,,
2026498,,,,4N32,optocoupler,0,,
2026499,,,,X341,NPN planar small signal transistor,0,,
2026500,,,,2822,L Stereo Audio Amplifier,0,,
2026501,32345,,,IN4007,General purpose diode,1,,
2026502,,,,,Wire Bundle - Black,4,,
2026503,,,,,Wire Bundle - Blue,4,,
2026504,,,,,Wire Bundle - Green,4,,
2026505,,,,,Wire Bundle - Red,4,,
2026506,,,,,Wire Bundle - Yellow,4,,
2026507,32351,,,,Male Burg Strip - 2.5MM,0,,
2026508,32351,,,,Male Burg Strip - 2.5MM  L-shape,0,,
2026509,32352,Picture,https://robu.in/product/2mm-pitch-male-berg-strip-40x1-2pcs/,,Male Burg Strip - 2MM,0,,
2026510,32352,,,,Female Burg Strip - 2.5MM,25,,
2026511,,,,,Female Burg Strip - 2MM,0,,
2026512,63,,,,Breadboard - Big,57,,
2026513,32352,,,,female burg strip SIL - For DSM Kits,0,,
2026514,63,,,,Breadboard for  DSM kits,40,,
2026515,63,,,,Breadboard - Small,2,,
2026516,7,,,,RPS,5,,
2026517,,,,,Batteries - 9V for Multimeter,0,,
2026518,63,Picture,https://robu.in/product/dmegc-inr18650-26e-3-7v-2600mah-li-ion-battery/?gad_source=1&gad_campaignid=17427802559&gbraid=0AAAAADvLFWd68TxUDin7odoUDAuI2Yli2&gclid=CjwKCAjw1bvTBhBbEiwAzbP8L95Srhx9qpvGPNfYGM1PBO8WQmg_F-QURnJLStBvBp-4uEDd1_J3YBoCexAQAvD_BwE,18650,Battery,0,,
2026519,,Picture,https://www.amazon.in/Connector-Accurate-Reliable-Pressure-Measurements/dp/B0FKMP8WLQ,,BP Cuff set,0,,
2026520,,,,,Jumper Wires - F-F,0,,
2026521,,,,,Jumper Wires - M-F,0,,
2026522,,,,,Jumper Wires - M-M,0,,
2026523,3313,,,4.7uH,Inductor ,4,,
2026524,3312,,,3.3uH,Inductor ,20,,
2026525,3311,,,10uH,Inductor ,2,,
2026526,3311,,,1uH,Inductor ,12,,
2026527,3311,,,100uH,Inductor ,19,,
2026528,3314,,,330nH,Inductor ,4,,
2026529,3312,,,10mH,Inductor ,15,,
2026530,3312,,,1mH,Inductor ,2,,
2026531,3312 & 3315,,,MilliH value,Inductor ,0,,
2026532,3313,,,220uH,Inductor ,15,,
2026533,3313,,,2.2mH,Inductor ,5,,
2026534,3313,,,4.7mH,Inductor ,4,,
2026535,3314,,,560nH,Inductor ,8,,
2026536,3314,,,220nH,Inductor ,3,,
2026537,3321,,,1MOHM,Preset and trimpots,0,,
2026538,3321,,,100KOHM,Preset and trimpots,0,,
2026539,3321,,,20KOHM,Preset and trimpots,0,,
2026540,3321,,,50KOHM,Preset and trimpots,0,,
2026541,3322,,,10KOHM,Preset and trimpots,0,,
2026542,3322,,,5KOHM,Preset and trimpots,0,,
2026543,3322,,,2KOHM,Preset and trimpots,0,,
2026544,3322,,,1KOHM,Preset and trimpots,0,,
2026545,3323,,,,Variable capacitors,0,,
2026546,3351,,,10OHM,Load resistor,15,,
2026547,3352,,,15KOHM,Load resistor,8,,
2026548,3352,,,22KOHM,Load resistor,10,,
2026549,3353,,,47OHM,Load resistor,15,,
2026550,33,,,1OHM,Load resistor - 10W,21,,
2026551,33,,,4.7OHM,Load resistor - 5W,3,,
2026552,33,,,1OHM,Load resistor - 5W,25,,
2026553,52253,Picture,https://www.flyrobo.in/time-flight-vl53l0-1xv2-laser-ranging-sensor-tof?tracking=ads&tracking=feed1505&gad_source=1&gad_campaignid=23845158606&gclid=CjwKCAjwwL_UBhAjEiwAEhuT5PYxz1q71GQeSac1EREg148FyqiQDMXU-IWYV3eAYhNC7H01HgDALRoCn-MQAvD_BwE,VL53L0/1XV2,Lidar sensor - Time of flight sensor - Laser Ranging Sensor,0,,
2026554,52253,,,PCM1808,24 bit ADC,2,,
2026555,52253,,,CJMCU-9833,programmable waveform Generator Module,1,,
2026556,63,,,18650-Holder Battery ,Holder - 18650 - Double,0,,
2026557,,Picture,https://www.amazon.in/gp/product/B08PW6W54V/ref=ox_sc_act_title_1?smid=AJ6SIZC8YQDZX&psc=1,,Micro HDMI to HDMI,0,,
2026558,,,,,Arduino UNO Cable,10,,
2026559,,,,,Tester with screwdriver (star&flat),0,,
2026560,,,,,insulation tap,3,,
2026561,,,,,DMM 9V BATTRY,0,,
2026562,,,,,RED LED'S,0,,
2026563,,,,,,,,
2026564,,,,,,,,
2026565,,,,,,,,
2026566,,,,,,,,
2026567,,,,,,,,
2026568,,,,,,,,
2026569,,,,,,,,
2026570,,,,,,,,
2026571,,,,,,,,
2026572,,,,,,,,
2026573,,,,,,,,
2026574,,,,,,,,
2026575,,,,,,,,
2026576,,,,,,,,
2026577,,,,,,,,
2026578,,,,,,,,
2026579,,,,,,,,
2026580,,,,,,,,
2026581,,,,,,,,
2026582,,,,,,,,
2026583,,,,,,,,
2026584,,,,,,,,
2026585,,,,,,,,
2026586,,,,,,,,
2026587,,,,,,,,
2026588,,,,,,,,
2026589,,,,,,,,
2026590,,,,,,,,
2026591,,,,,,,,
2026592,,,,,,,,
2026593,,,,,,,,
2026594,,,,,,,,
2026595,,,,,,,,
2026596,,,,,,,,
2026597,,,,,,,,
2026598,,,,,,,,
2026599,,,,,,,,
2026600,,,,,,,,
